[

   {
    "name": "Aden"
  },
  {
    "name": "Antwerp"
  },
  {
    "name": "Ashtabula"
  },
  {
    "name": "Bangor"
  },
  {
    "name": "Baja"
  },
  {
    "name": "Bromley"
  },
  {
    "name": "Buenos Aires"
  },
  {
    "name": "Cabo de Hornos"
  },
  {
    "name": "Cape Horn"
  },
  {
    "name": "Canberra"
  },
  {
    "name": "Calgary"
  },
  {
    "name": "Cheviot"
  },
  {
    "name": "Dublin"
  },
  {
    "name": "Dakar"
  },
  {
    "name": "Dar es Salaam"
  },
  {
    "name": "Edmonton"
  },
  {
    "name": "Elbrus"
  },
  {
    "name": "Half Moon Bay"
  },
  {
    "name": "Ilulissat"
  },
  {
    "name": "Johannesburg"
  },
  {
    "name": "Joshua Tree"
  },
  {
    "name": "Kathmandu"
  },
  {
    "name": "Komarivka"
  },
  {
    "name": "Kyoto"
  },
  {
    "name": "Kowloon"
  },
  {
    "name": "Laredo"
  },
    {
    "name": "Las Cuevas"
  }, 
  {
    "name": "Leipsig"
  },
  {
    "name": "Longyearbyen"
  },
  {
    "name": "Lusaka"
  },
  {
    "name": "Manilla"
  },
  {
    "name": "Maungaturoto"
  },	
  {
    "name": "Maysville"
  },
 {
    "name": "McMurdo Station"
  },
  {
    "name": "Miami"
  },
  {
    "name": "Mississauga"
  },
  {
    "name": "Mumbai"
  },
  {
    "name": "Montmorency"
  },
  {
    "name": "Montreal"
  },
  {
    "name": "Mont Blanc"
  },
  {
    "name": "Mount Washington"
  },
  {
    "name": "Nice"
  },
  {
    "name": "Oneonta"
  },
  {
    "name": "Odessa"
  },
  {
    "name": "Oslo"
  },
  {
    "name": "Ottawa"
  },
  {
    "name": "Ponte de Sor"
  },
  {
    "name": "Parsippany"
  },
  {
    "name": "Puerto Williams"
  },
  {
    "name": "Quebec"
  },
  {
    "name": "Quintana Roo"
  },
  {
    "name": "Reykjavik"
  },
  {
    "name": "San Diego"
  },
  {
    "name": "Seagoville"
  },
  {
    "name": "Tanganyika"
   },
   {
    "name": "Tenerife"
   },
   {
    "name": "Tbilisi"
   },
  {
    "name": "Tijuana"
  },
  {
    "name": "Timbuktu"
  },
  {
    "name": "Tehachapi"
  },

  {
    "name": "Tupelo"
  },
  {
    "name": "Topeka"
  },
  {
    "name": "Toronto"
  },
  {
    "name": "Ushuaia"
  },
  {
    "name": "Uzbekistan"
  },
  {
    "name": "Utrecht"
  },
  {
    "name": "Vancouver"
  },
  {
    "name": "Vyborg"
  },
  {
    "name": "Wanaque"
  },
  {
    "name": "Whakapirau"
  },
 {
    "name": "Whippany"
  },
  {
    "name": "Winnipeg"
  },
  {
    "name": "Zanesville"
  }
]
